,crpss,nlls,bces
fold_0,0.30996626423473816,0.24464177692866274,0.32292219090995133
fold_1,0.30905067575837264,0.2423391042763413,0.3129276399212454
fold_2,0.30969799173873425,0.24776431640726349,0.31454049278734386
fold_3,0.31088408933186307,0.2506013885332311,0.3151065027160178
fold_4,0.3090705988502397,0.2438351438434031,0.30661711122012003
