,crpss,nlls,bces
fold_0,0.30177478733798313,0.24378435496326778,0.31443766801958706
fold_1,0.31057004754657414,0.26198687489764305,0.2962518974851839
fold_2,0.2881415162906178,0.24168846568746927,0.29885373581741026
fold_3,0.3009629285215757,0.25267643525394756,0.3081164514240805
fold_4,0.2782541935094679,0.22505603511664984,0.26834972976543703
